,match_id,shots_on_first_half,shots_on_second_half,goals_first_half,T,id_x,country_id,season,stage,date,is_home_team,curr_buildUpPlaySpeed,rival_buildUpPlaySpeed,curr_buildUpPlaySpeedClass,rival_buildUpPlaySpeedClass,curr_buildUpPlayDribblingClass,rival_buildUpPlayDribblingClass,curr_buildUpPlayPassing,rival_buildUpPlayPassing,curr_buildUpPlayPassingClass,rival_buildUpPlayPassingClass,curr_buildUpPlayPositioningClass,rival_buildUpPlayPositioningClass,curr_chanceCreationPassing,rival_chanceCreationPassing,curr_chanceCreationPassingClass,rival_chanceCreationPassingClass,curr_chanceCreationCrossing,rival_chanceCreationCrossing,curr_chanceCreationCrossingClass,rival_chanceCreationCrossingClass,curr_chanceCreationShooting,rival_chanceCreationShooting,curr_chanceCreationShootingClass,rival_chanceCreationShootingClass,curr_chanceCreationPositioningClass,rival_chanceCreationPositioningClass,curr_defencePressure,rival_defencePressure,curr_defencePressureClass,rival_defencePressureClass,curr_defenceAggression,rival_defenceAggression,curr_defenceAggressionClass,rival_defenceAggressionClass,curr_defenceTeamWidth,rival_defenceTeamWidth,curr_defenceTeamWidthClass,rival_defenceTeamWidthClass,curr_defenceDefenderLineClass,rival_defenceDefenderLineClass,curr_field players rating,rival_field players rating,curr_gk rating,rival_gk rating,draw_bets,curr_bets,rival_bets,curr_team_api_id,rival_team_api_id,curr_shots_1,rival_shots_1,month,team_long_name,id_y,country_name,cards,fouls
0,1799.0,5.0,5.0,2.0,True,1799.0,1729.0,2008/2009,16.0,2008-12-06,True,70,60,Fast,Balanced,Little,Little,45,70,Mixed,Long,Organised,Organised,45,70,Normal,Risky,70,70,Lots,Lots,65,55,Normal,Normal,Free Form,Organised,40,35,Medium,Medium,50,70,Press,Double,40,35,Normal,Normal,Cover,Cover,82.63333333333334,74.44444444444444,85.0,67.0,6.688888888888889,1.161111111111111,17.444444444444443,10260.0,8472.0,5.0,0.0,12,Manchester United,1729,England,1,18
1,1799.0,0.0,1.0,0.0,False,1799.0,1729.0,2008/2009,16.0,2008-12-06,False,60,70,Balanced,Fast,Little,Little,70,45,Long,Mixed,Organised,Organised,70,45,Risky,Normal,70,70,Lots,Lots,55,65,Normal,Normal,Organised,Free Form,35,40,Medium,Medium,70,50,Double,Press,35,40,Normal,Normal,Cover,Cover,74.44444444444444,82.63333333333334,67.0,85.0,6.688888888888889,17.444444444444443,1.161111111111111,8472.0,10260.0,0.0,5.0,12,Sunderland,1729,England,1,18
2,2069.0,12.0,7.0,1.0,True,2069.0,1729.0,2008/2009,6.0,2008-09-27,True,70,55,Fast,Balanced,Little,Little,45,70,Mixed,Long,Organised,Organised,45,70,Normal,Risky,70,70,Lots,Lots,65,45,Normal,Normal,Free Form,Organised,40,35,Medium,Medium,50,70,Press,Double,40,35,Normal,Normal,Cover,Cover,82.63333333333334,74.3,85.0,80.0,5.616666666666666,1.2188888888888887,13.61111111111111,10260.0,8559.0,12.0,3.0,9,Manchester United,1729,England,3,19
3,2069.0,3.0,2.0,1.0,False,2069.0,1729.0,2008/2009,6.0,2008-09-27,False,55,70,Balanced,Fast,Little,Little,70,45,Long,Mixed,Organised,Organised,70,45,Risky,Normal,70,70,Lots,Lots,45,65,Normal,Normal,Organised,Free Form,35,40,Medium,Medium,70,50,Double,Press,35,40,Normal,Normal,Cover,Cover,74.3,82.63333333333334,80.0,85.0,5.616666666666666,13.61111111111111,1.2188888888888887,8559.0,10260.0,3.0,12.0,9,Bolton Wanderers,1729,England,3,19
4,2089.0,6.0,4.0,1.0,True,2089.0,1729.0,2008/2009,8.0,2008-10-18,True,70,65,Fast,Balanced,Little,Little,45,40,Mixed,Mixed,Organised,Organised,45,70,Normal,Risky,70,70,Lots,Lots,65,55,Normal,Normal,Free Form,Organised,40,70,Medium,High,50,70,Press,Double,40,70,Normal,Wide,Cover,Cover,82.63333333333334,71.1,85.0,76.0,5.966666666666667,1.2,14.555555555555555,10260.0,8659.0,6.0,1.0,10,Manchester United,1729,England,1,24
5,2089.0,1.0,1.0,1.0,False,2089.0,1729.0,2008/2009,8.0,2008-10-18,False,65,70,Balanced,Fast,Little,Little,40,45,Mixed,Mixed,Organised,Organised,70,45,Risky,Normal,70,70,Lots,Lots,55,65,Normal,Normal,Organised,Free Form,70,40,High,Medium,70,50,Double,Press,70,40,Wide,Normal,Cover,Cover,71.1,82.63333333333334,76.0,85.0,5.966666666666667,14.555555555555555,1.2,8659.0,10260.0,1.0,6.0,10,West Bromwich Albion,1729,England,1,24
6,4051.0,3.0,2.0,1.0,True,4051.0,1729.0,2014/2015,13.0,2014-11-29,True,46,56,Balanced,Balanced,Normal,Normal,54,51,Mixed,Mixed,Organised,Organised,49,54,Normal,Normal,72,60,Lots,Normal,56,48,Normal,Normal,Organised,Organised,42,38,Medium,Medium,41,37,Press,Press,56,46,Normal,Normal,Cover,Cover,80.6,73.6,84.0,73.0,5.416666666666667,1.3133333333333335,9.841666666666667,10260.0,8667.0,3.0,1.0,11,Manchester United,1729,England,4,24
7,4051.0,1.0,2.0,0.0,False,4051.0,1729.0,2014/2015,13.0,2014-11-29,False,56,46,Balanced,Balanced,Normal,Normal,51,54,Mixed,Mixed,Organised,Organised,54,49,Normal,Normal,60,72,Normal,Lots,48,56,Normal,Normal,Organised,Organised,38,42,Medium,Medium,37,41,Press,Press,46,56,Normal,Normal,Cover,Cover,73.6,80.6,73.0,84.0,5.416666666666667,9.841666666666667,1.3133333333333335,8667.0,10260.0,1.0,3.0,11,Hull City,1729,England,4,24
8,4164.0,3.0,4.0,1.0,True,4164.0,1729.0,2014/2015,23.0,2015-01-31,True,46,63,Balanced,Balanced,Normal,Normal,54,48,Mixed,Mixed,Organised,Organised,49,47,Normal,Normal,72,62,Lots,Normal,56,69,Normal,Lots,Organised,Organised,42,58,Medium,Medium,41,62,Press,Press,56,54,Normal,Normal,Cover,Cover,80.6,70.3,84.0,76.0,5.041666666666667,1.3500000000000003,9.166666666666666,10260.0,8197.0,3.0,0.0,1,Manchester United,1729,England,1,20
9,4164.0,0.0,0.0,1.0,False,4164.0,1729.0,2014/2015,23.0,2015-01-31,False,63,46,Balanced,Balanced,Normal,Normal,48,54,Mixed,Mixed,Organised,Organised,47,49,Normal,Normal,62,72,Normal,Lots,69,56,Lots,Normal,Organised,Organised,58,42,Medium,Medium,62,41,Press,Press,54,56,Normal,Normal,Cover,Cover,70.3,80.6,76.0,84.0,5.041666666666667,9.166666666666666,1.3500000000000003,8197.0,10260.0,0.0,3.0,1,Leicester City,1729,England,1,20
10,4294.0,5.0,10.0,0.0,True,4294.0,1729.0,2014/2015,35.0,2015-05-02,True,46,55,Balanced,Balanced,Normal,Normal,54,51,Mixed,Mixed,Organised,Organised,49,53,Normal,Normal,72,53,Lots,Normal,56,57,Normal,Normal,Organised,Organised,42,41,Medium,Medium,41,40,Press,Press,56,49,Normal,Normal,Cover,Cover,80.6,73.85,84.0,72.0,5.033333333333333,1.3500000000000003,9.291666666666666,10260.0,8659.0,5.0,2.0,5,Manchester United,1729,England,1,21
11,4294.0,2.0,1.0,2.0,False,4294.0,1729.0,2014/2015,35.0,2015-05-02,False,55,46,Balanced,Balanced,Normal,Normal,51,54,Mixed,Mixed,Organised,Organised,53,49,Normal,Normal,53,72,Normal,Lots,57,56,Normal,Normal,Organised,Organised,41,42,Medium,Medium,40,41,Press,Press,49,56,Normal,Normal,Cover,Cover,73.85,80.6,72.0,84.0,5.033333333333333,9.291666666666666,1.3500000000000003,8659.0,10260.0,2.0,5.0,5,West Bromwich Albion,1729,England,1,21
12,4411.0,4.0,7.0,0.0,False,4411.0,1729.0,2015/2016,11.0,2015-11-01,False,43,43,Balanced,Balanced,Normal,Normal,51,40,Mixed,Mixed,Organised,Organised,59,39,Normal,Normal,50,33,Normal,Little,55,63,Normal,Normal,Organised,Organised,47,52,Medium,Medium,45,58,Press,Press,49,59,Normal,Normal,Cover,Cover,75.06666666666666,78.15,74.66666666666667,77.0,4.183333333333333,6.933333333333334,1.5050000000000001,8472.0,8668.0,4.0,4.0,11,Sunderland,1729,England,5,11
13,4411.0,4.0,0.0,2.0,True,4411.0,1729.0,2015/2016,11.0,2015-11-01,True,43,43,Balanced,Balanced,Normal,Normal,40,51,Mixed,Mixed,Organised,Organised,39,59,Normal,Normal,33,50,Little,Normal,63,55,Normal,Normal,Organised,Organised,52,47,Medium,Medium,58,45,Press,Press,59,49,Normal,Normal,Cover,Cover,78.15,75.06666666666666,77.0,74.66666666666667,4.183333333333333,1.5050000000000001,6.933333333333334,8668.0,8472.0,4.0,4.0,11,Everton,1729,England,5,11
14,4562.0,0.0,1.0,0.0,False,4562.0,1729.0,2015/2016,25.0,2016-02-06,False,43,66,Balanced,Balanced,Normal,Normal,51,45,Mixed,Mixed,Organised,Organised,59,34,Normal,Normal,50,34,Normal,Normal,55,46,Normal,Normal,Organised,Organised,47,51,Medium,Medium,45,52,Press,Press,49,61,Normal,Normal,Cover,Cover,75.06666666666666,78.9,74.66666666666667,78.0,4.4350000000000005,7.966666666666666,1.4266666666666665,8472.0,8650.0,0.0,3.0,2,Sunderland,1729,England,2,17
15,4562.0,3.0,3.0,2.0,True,4562.0,1729.0,2015/2016,25.0,2016-02-06,True,66,43,Balanced,Balanced,Normal,Normal,45,51,Mixed,Mixed,Organised,Organised,34,59,Normal,Normal,34,50,Normal,Normal,46,55,Normal,Normal,Organised,Organised,51,47,Medium,Medium,52,45,Press,Press,61,49,Normal,Normal,Cover,Cover,78.9,75.06666666666666,78.0,74.66666666666667,4.4350000000000005,1.4266666666666665,7.966666666666666,8650.0,8472.0,3.0,0.0,2,Liverpool,1729,England,2,17
16,4676.0,2.0,3.0,0.0,False,4676.0,1729.0,2015/2016,35.0,2016-04-24,True,43,59,Balanced,Balanced,Normal,Normal,51,30,Mixed,Short,Organised,Organised,59,28,Normal,Safe,50,44,Normal,Normal,55,46,Normal,Normal,Organised,Free Form,47,51,Medium,Medium,45,44,Press,Press,49,52,Normal,Normal,Cover,Cover,75.06666666666666,79.3,74.66666666666667,86.0,3.7916666666666665,4.55,1.7700000000000002,8472.0,9825.0,2.0,9.0,4,Sunderland,1729,England,6,19
17,4676.0,9.0,5.0,0.0,True,4676.0,1729.0,2015/2016,35.0,2016-04-24,False,59,43,Balanced,Balanced,Normal,Normal,30,51,Short,Mixed,Organised,Organised,28,59,Safe,Normal,44,50,Normal,Normal,46,55,Normal,Normal,Free Form,Organised,51,47,Medium,Medium,44,45,Press,Press,52,49,Normal,Normal,Cover,Cover,79.3,75.06666666666666,86.0,74.66666666666667,3.7916666666666665,1.7700000000000002,4.55,9825.0,8472.0,9.0,2.0,4,Arsenal,1729,England,6,19
18,4288.0,0.0,4.0,2.0,False,4288.0,1729.0,2014/2015,34.0,2015-04-25,True,55,71,Balanced,Fast,Normal,Normal,51,32,Mixed,Short,Organised,Organised,53,34,Normal,Normal,53,41,Normal,Normal,57,61,Normal,Normal,Organised,Organised,41,51,Medium,Medium,40,48,Press,Press,49,62,Normal,Normal,Cover,Cover,73.85,77.9,72.0,80.0,3.4916666666666667,4.033333333333334,1.9666666666666668,8659.0,8650.0,0.0,3.0,4,West Bromwich Albion,1729,England,1,24
19,4288.0,3.0,10.0,3.0,True,4288.0,1729.0,2014/2015,34.0,2015-04-25,False,71,55,Fast,Balanced,Normal,Normal,32,51,Short,Mixed,Organised,Organised,34,53,Normal,Normal,41,53,Normal,Normal,61,57,Normal,Normal,Organised,Organised,51,41,Medium,Medium,48,40,Press,Press,62,49,Normal,Normal,Cover,Cover,77.9,73.85,80.0,72.0,3.4916666666666667,1.9666666666666668,4.033333333333334,8650.0,8659.0,3.0,0.0,4,Liverpool,1729,England,1,24
20,4574.0,0.0,1.0,0.0,False,4574.0,1729.0,2015/2016,26.0,2016-02-13,False,62,43,Balanced,Balanced,Little,Normal,51,40,Mixed,Mixed,Organised,Organised,53,39,Normal,Normal,50,33,Normal,Little,60,63,Normal,Normal,Organised,Organised,41,52,Medium,Medium,40,58,Press,Press,49,59,Normal,Normal,Cover,Cover,74.4,78.15,79.0,77.0,3.9583333333333335,6.691666666666666,1.5366666666666668,8659.0,8668.0,0.0,9.0,2,West Bromwich Albion,1729,England,5,22
21,4574.0,9.0,8.0,0.0,True,4574.0,1729.0,2015/2016,26.0,2016-02-13,True,43,62,Balanced,Balanced,Normal,Little,40,51,Mixed,Mixed,Organised,Organised,39,53,Normal,Normal,33,50,Little,Normal,63,60,Normal,Normal,Organised,Organised,52,41,Medium,Medium,58,40,Press,Press,59,49,Normal,Normal,Cover,Cover,78.15,74.4,77.0,79.0,3.9583333333333335,1.5366666666666668,6.691666666666666,8668.0,8659.0,9.0,0.0,2,Everton,1729,England,5,22
22,4564.0,1.0,0.0,0.0,False,4564.0,1729.0,2015/2016,25.0,2016-02-06,False,62,58,Balanced,Balanced,Little,Normal,51,49,Mixed,Mixed,Organised,Organised,53,47,Normal,Normal,50,54,Normal,Normal,60,46,Normal,Normal,Organised,Organised,41,41,Medium,Medium,40,39,Press,Press,49,51,Normal,Normal,Cover,Cover,74.4,76.7,79.0,69.0,3.266666666666667,3.5499999999999994,2.15,8659.0,10261.0,1.0,6.0,2,West Bromwich Albion,1729,England,3,24
23,4564.0,6.0,5.0,1.0,True,4564.0,1729.0,2015/2016,25.0,2016-02-06,True,58,62,Balanced,Balanced,Normal,Little,49,51,Mixed,Mixed,Organised,Organised,47,53,Normal,Normal,54,50,Normal,Normal,46,60,Normal,Normal,Organised,Organised,41,41,Medium,Medium,39,40,Press,Press,51,49,Normal,Normal,Cover,Cover,76.7,74.4,69.0,79.0,3.266666666666667,2.15,3.5499999999999994,10261.0,8659.0,6.0,1.0,2,Newcastle United,1729,England,3,24
24,3127.0,4.0,5.0,1.0,True,3127.0,1729.0,2011/2012,32.0,2012-04-06,True,26,54,Slow,Balanced,Little,Little,24,54,Short,Mixed,Organised,Organised,62,54,Normal,Normal,39,68,Normal,Lots,57,48,Normal,Normal,Free Form,Organised,48,52,Medium,Medium,58,48,Press,Press,60,42,Normal,Normal,Cover,Cover,72.1,77.0,81.0,78.0,3.288888888888889,2.4055555555555554,2.9077777777777776,10003.0,10261.0,4.0,2.0,4,Swansea City,1729,England,2,19
25,3127.0,2.0,0.0,1.0,False,3127.0,1729.0,2011/2012,32.0,2012-04-06,False,54,26,Balanced,Slow,Little,Little,54,24,Mixed,Short,Organised,Organised,54,62,Normal,Normal,68,39,Lots,Normal,48,57,Normal,Normal,Organised,Free Form,52,48,Medium,Medium,48,58,Press,Press,42,60,Normal,Normal,Cover,Cover,77.0,72.1,78.0,81.0,3.288888888888889,2.9077777777777776,2.4055555555555554,10261.0,10003.0,2.0,4.0,4,Newcastle United,1729,England,2,19
26,3356.0,0.0,3.0,0.0,True,3356.0,1729.0,2012/2013,19.0,2012-12-26,False,41,49,Balanced,Balanced,Little,Little,39,61,Mixed,Mixed,Organised,Organised,36,55,Normal,Normal,42,58,Normal,Normal,44,37,Normal,Normal,Free Form,Organised,52,39,Medium,Medium,58,44,Press,Press,57,52,Normal,Normal,Cover,Cover,73.0,71.0,81.0,72.0,3.3277777777777775,2.4311111111111114,2.8722222222222222,10003.0,9798.0,0.0,0.0,12,Swansea City,1729,England,3,32
27,3356.0,0.0,1.0,0.0,False,3356.0,1729.0,2012/2013,19.0,2012-12-26,True,49,41,Balanced,Balanced,Little,Little,61,39,Mixed,Mixed,Organised,Organised,55,36,Normal,Normal,58,42,Normal,Normal,37,44,Normal,Normal,Organised,Free Form,39,52,Medium,Medium,44,58,Press,Press,52,57,Normal,Normal,Cover,Cover,71.0,73.0,72.0,81.0,3.3277777777777775,2.8722222222222222,2.4311111111111114,9798.0,10003.0,0.0,0.0,12,Reading,1729,England,3,32
28,3685.0,3.0,2.0,0.0,True,3685.0,1729.0,2013/2014,14.0,2013-12-04,True,41,58,Balanced,Balanced,Little,Little,39,72,Mixed,Long,Organised,Organised,36,48,Normal,Normal,42,51,Normal,Normal,44,46,Normal,Normal,Free Form,Organised,52,41,Medium,Medium,58,39,Press,Press,57,51,Normal,Normal,Cover,Cover,74.2,76.8,80.0,79.0,3.414285714285714,2.142857142857143,3.4214285714285717,10003.0,10261.0,3.0,6.0,12,Swansea City,1729,England,2,12
29,3685.0,6.0,4.0,0.0,False,3685.0,1729.0,2013/2014,14.0,2013-12-04,False,58,41,Balanced,Balanced,Little,Little,72,39,Long,Mixed,Organised,Organised,48,36,Normal,Normal,51,42,Normal,Normal,46,44,Normal,Normal,Organised,Free Form,41,52,Medium,Medium,39,58,Press,Press,51,57,Normal,Normal,Cover,Cover,76.8,74.2,79.0,80.0,3.414285714285714,3.4214285714285717,2.142857142857143,10261.0,10003.0,6.0,3.0,12,Newcastle United,1729,England,2,12
30,3243.0,1.0,3.0,1.0,False,3243.0,1729.0,2011/2012,9.0,2011-10-23,False,56,48,Balanced,Balanced,Little,Little,56,45,Mixed,Mixed,Organised,Organised,48,38,Normal,Normal,57,62,Normal,Normal,56,54,Normal,Normal,Organised,Organised,50,38,Medium,Medium,50,38,Press,Press,60,62,Normal,Normal,Cover,Cover,75.9,76.2,80.0,80.0,3.2222222222222223,3.0533333333333332,2.343333333333333,8668.0,9879.0,1.0,4.0,10,Everton,1729,England,4,17
31,3243.0,4.0,2.0,0.0,True,3243.0,1729.0,2011/2012,9.0,2011-10-23,True,48,56,Balanced,Balanced,Little,Little,45,56,Mixed,Mixed,Organised,Organised,38,48,Normal,Normal,62,57,Normal,Normal,54,56,Normal,Normal,Organised,Organised,38,50,Medium,Medium,38,50,Press,Press,62,60,Normal,Normal,Cover,Cover,76.2,75.9,80.0,80.0,3.2222222222222223,2.343333333333333,3.0533333333333332,9879.0,8668.0,4.0,1.0,10,Fulham,1729,England,4,17
32,3830.0,3.0,2.0,0.0,True,3830.0,1729.0,2013/2014,28.0,2014-03-01,True,58,72,Balanced,Fast,Little,Little,62,73,Mixed,Long,Organised,Organised,48,61,Normal,Normal,59,74,Normal,Lots,32,32,Little,Little,Organised,Organised,41,30,Medium,Deep,44,37,Press,Press,59,41,Normal,Normal,Cover,Cover,76.4,72.75,81.0,75.0,4.047142857142857,1.512857142857143,6.9071428571428575,8668.0,8654.0,3.0,0.0,3,Everton,1729,England,2,16
33,3830.0,0.0,1.0,0.0,False,3830.0,1729.0,2013/2014,28.0,2014-03-01,False,72,58,Fast,Balanced,Little,Little,73,62,Long,Mixed,Organised,Organised,61,48,Normal,Normal,74,59,Lots,Normal,32,32,Little,Little,Organised,Organised,30,41,Deep,Medium,37,44,Press,Press,41,59,Normal,Normal,Cover,Cover,72.75,76.4,75.0,81.0,4.047142857142857,6.9071428571428575,1.512857142857143,8654.0,8668.0,0.0,3.0,3,West Ham United,1729,England,2,16
34,4341.0,2.0,4.0,0.0,True,4341.0,1729.0,2014/2015,5.0,2014-09-21,True,61,61,Balanced,Balanced,Normal,Normal,42,68,Mixed,Long,Organised,Organised,39,67,Normal,Risky,59,62,Normal,Normal,48,52,Normal,Normal,Organised,Organised,52,36,Medium,Medium,58,34,Press,Press,60,48,Normal,Normal,Cover,Cover,78.4,73.1,81.0,75.0,4.516666666666667,1.418333333333333,8.125,8668.0,9826.0,2.0,3.0,9,Everton,1729,England,3,18
35,4341.0,3.0,1.0,1.0,False,4341.0,1729.0,2014/2015,5.0,2014-09-21,False,61,61,Balanced,Balanced,Normal,Normal,68,42,Long,Mixed,Organised,Organised,67,39,Risky,Normal,62,59,Normal,Normal,52,48,Normal,Normal,Organised,Organised,36,52,Medium,Medium,34,58,Press,Press,48,60,Normal,Normal,Cover,Cover,73.1,78.4,75.0,81.0,4.516666666666667,8.125,1.418333333333333,9826.0,8668.0,3.0,2.0,9,Crystal Palace,1729,England,3,18
36,3701.0,2.0,7.0,0.0,True,3701.0,1729.0,2013/2014,16.0,2013-12-14,True,46,52,Balanced,Balanced,Little,Little,41,47,Mixed,Mixed,Organised,Organised,46,69,Normal,Risky,61,66,Normal,Normal,63,47,Normal,Normal,Organised,Organised,42,36,Medium,Medium,43,33,Press,Contain,46,53,Normal,Normal,Cover,Cover,82.0,71.45,85.0,74.0,7.035714285714286,1.1785714285714286,16.928571428571427,8455.0,9826.0,2.0,2.0,12,Chelsea,1729,England,3,20
37,3701.0,2.0,4.0,0.0,False,3701.0,1729.0,2013/2014,16.0,2013-12-14,False,52,46,Balanced,Balanced,Little,Little,47,41,Mixed,Mixed,Organised,Organised,69,46,Risky,Normal,66,61,Normal,Normal,47,63,Normal,Normal,Organised,Organised,36,42,Medium,Medium,33,43,Contain,Press,53,46,Normal,Normal,Cover,Cover,71.45,82.0,74.0,85.0,7.035714285714286,16.928571428571427,1.1785714285714286,9826.0,8455.0,2.0,2.0,12,Crystal Palace,1729,England,3,20
38,3991.0,4.0,5.0,2.0,True,3991.0,1729.0,2013/2014,8.0,2013-10-19,True,46,60,Balanced,Balanced,Little,Little,41,69,Mixed,Long,Organised,Organised,46,54,Normal,Normal,61,59,Normal,Normal,63,62,Normal,Normal,Organised,Organised,42,47,Medium,Medium,43,43,Press,Press,46,56,Normal,Normal,Cover,Cover,82.0,72.3,85.0,73.0,5.892857142857143,1.2428571428571427,13.328571428571427,8455.0,8344.0,4.0,1.0,10,Chelsea,1729,England,3,18
39,3991.0,1.0,5.0,0.0,False,3991.0,1729.0,2013/2014,8.0,2013-10-19,False,60,46,Balanced,Balanced,Little,Little,69,41,Long,Mixed,Organised,Organised,54,46,Normal,Normal,59,61,Normal,Normal,62,63,Normal,Normal,Organised,Organised,47,42,Medium,Medium,43,43,Press,Press,56,46,Normal,Normal,Cover,Cover,72.3,82.0,73.0,85.0,5.892857142857143,13.328571428571427,1.2428571428571427,8344.0,8455.0,1.0,4.0,10,Cardiff City,1729,England,3,18
40,3789.0,1.0,3.0,0.0,False,3789.0,1729.0,2013/2014,24.0,2014-02-02,False,52,30,Balanced,Slow,Little,Little,47,29,Mixed,Short,Organised,Organised,69,41,Risky,Normal,66,55,Normal,Normal,47,39,Normal,Normal,Organised,Free Form,36,64,Medium,Medium,33,54,Contain,Press,53,52,Normal,Normal,Cover,Cover,71.45,81.4,74.0,80.0,6.178571428571429,14.642857142857142,1.2142857142857142,9826.0,9825.0,1.0,3.0,2,Crystal Palace,1729,England,3,23
41,3789.0,3.0,2.0,1.0,True,3789.0,1729.0,2013/2014,24.0,2014-02-02,True,30,52,Slow,Balanced,Little,Little,29,47,Short,Mixed,Organised,Organised,41,69,Normal,Risky,55,66,Normal,Normal,39,47,Normal,Normal,Free Form,Organised,64,36,Medium,Medium,54,33,Press,Contain,52,53,Normal,Normal,Cover,Cover,81.4,71.45,80.0,74.0,6.178571428571429,1.2142857142857142,14.642857142857142,9825.0,9826.0,3.0,1.0,2,Arsenal,1729,England,3,23
42,3712.0,2.0,4.0,0.0,False,3712.0,1729.0,2013/2014,17.0,2013-12-21,False,60,39,Balanced,Balanced,Little,Little,69,44,Long,Mixed,Organised,Organised,54,42,Normal,Normal,59,34,Normal,Normal,62,54,Normal,Normal,Organised,Organised,47,59,Medium,Medium,43,52,Press,Press,56,61,Normal,Normal,Cover,Cover,72.3,78.3,73.0,81.0,6.392857142857143,14.428571428571429,1.2114285714285715,8344.0,8650.0,2.0,7.0,12,Cardiff City,1729,England,2,23
43,3712.0,7.0,4.0,1.0,True,3712.0,1729.0,2013/2014,17.0,2013-12-21,True,39,60,Balanced,Balanced,Little,Little,44,69,Mixed,Long,Organised,Organised,42,54,Normal,Normal,34,59,Normal,Normal,54,62,Normal,Normal,Organised,Organised,59,47,Medium,Medium,52,43,Press,Press,61,56,Normal,Normal,Cover,Cover,78.3,72.3,81.0,73.0,6.392857142857143,1.2114285714285715,14.428571428571429,8650.0,8344.0,7.0,2.0,12,Liverpool,1729,England,2,23
44,3943.0,0.0,0.0,0.0,False,3943.0,1729.0,2013/2014,38.0,2014-05-11,False,72,36,Fast,Balanced,Little,Little,73,34,Long,Mixed,Organised,Organised,61,39,Normal,Normal,74,44,Lots,Normal,32,38,Little,Normal,Organised,Free Form,30,42,Deep,Medium,37,44,Press,Press,41,54,Normal,Normal,Cover,Cover,72.75,83.3,75.0,83.0,8.214285714285714,15.5,1.15,8654.0,8456.0,0.0,6.0,5,West Ham United,1729,England,4,16
45,3943.0,6.0,8.0,0.0,True,3943.0,1729.0,2013/2014,38.0,2014-05-11,True,36,72,Balanced,Fast,Little,Little,34,73,Mixed,Long,Organised,Organised,39,61,Normal,Normal,44,74,Normal,Lots,38,32,Normal,Little,Free Form,Organised,42,30,Medium,Deep,44,37,Press,Press,54,41,Normal,Normal,Cover,Cover,83.3,72.75,83.0,75.0,8.214285714285714,1.15,15.5,8456.0,8654.0,6.0,0.0,5,Manchester City,1729,England,4,16
46,4602.0,5.0,2.0,1.0,True,4602.0,1729.0,2015/2016,29.0,2016-03-05,True,59,63,Balanced,Balanced,Normal,Normal,29,54,Short,Mixed,Free Form,Organised,38,60,Normal,Normal,36,48,Normal,Normal,24,38,Little,Normal,Free Form,Organised,48,35,Medium,Medium,47,44,Press,Press,54,54,Normal,Normal,Cover,Cover,82.9,75.2,85.0,76.0,6.383333333333333,1.2083333333333333,14.666666666666666,8456.0,10252.0,5.0,1.0,3,Manchester City,1729,England,1,20
47,4602.0,1.0,1.0,1.0,False,4602.0,1729.0,2015/2016,29.0,2016-03-05,False,63,59,Balanced,Balanced,Normal,Normal,54,29,Mixed,Short,Organised,Free Form,60,38,Normal,Normal,48,36,Normal,Normal,38,24,Normal,Little,Organised,Free Form,35,48,Medium,Medium,44,47,Press,Press,54,54,Normal,Normal,Cover,Cover,75.2,82.9,76.0,85.0,6.383333333333333,14.666666666666666,1.2083333333333333,10252.0,8456.0,1.0,5.0,3,Aston Villa,1729,England,1,20
48,7198.0,1.0,3.0,1.0,False,7198.0,4769.0,2014/2015,22.0,2015-01-25,True,58,49,Balanced,Balanced,Normal,Lots,52,55,Mixed,Mixed,Organised,Organised,48,62,Normal,Normal,52,61,Normal,Normal,52,68,Normal,Lots,Organised,Organised,35,57,Medium,Medium,44,53,Press,Press,50,56,Normal,Normal,Cover,Cover,75.5,82.6,83.0,82.0,3.225,3.5083333333333333,2.15,9853.0,9847.0,1.0,1.0,1,AS Saint-Étienne,4769,France,5,19
49,7198.0,1.0,3.0,0.0,True,7198.0,4769.0,2014/2015,22.0,2015-01-25,False,49,58,Balanced,Balanced,Lots,Normal,55,52,Mixed,Mixed,Organised,Organised,62,48,Normal,Normal,61,52,Normal,Normal,68,52,Lots,Normal,Organised,Organised,57,35,Medium,Medium,53,44,Press,Press,56,50,Normal,Normal,Cover,Cover,82.6,75.5,82.0,83.0,3.225,2.15,3.5083333333333333,9847.0,9853.0,1.0,1.0,1,Paris Saint-Germain,4769,France,5,19
50,7786.0,2.0,5.0,1.0,True,7786.0,4769.0,2015/2016,7.0,2015-09-22,True,49,63,Balanced,Balanced,Normal,Normal,34,58,Mixed,Mixed,Organised,Organised,62,42,Normal,Normal,61,56,Normal,Normal,35,36,Normal,Normal,Organised,Organised,57,49,Medium,Medium,53,47,Press,Press,56,49,Normal,Normal,Cover,Cover,83.1,70.4,82.0,76.0,6.341666666666666,1.2,16.5,9847.0,9747.0,2.0,5.0,9,Paris Saint-Germain,4769,France,2,19
51,7786.0,5.0,2.0,0.0,False,7786.0,4769.0,2015/2016,7.0,2015-09-22,False,63,49,Balanced,Balanced,Normal,Normal,58,34,Mixed,Mixed,Organised,Organised,42,62,Normal,Normal,56,61,Normal,Normal,36,35,Normal,Normal,Organised,Organised,49,57,Medium,Medium,47,53,Press,Press,49,56,Normal,Normal,Cover,Cover,70.4,83.1,76.0,82.0,6.341666666666666,16.5,1.2,9747.0,9847.0,5.0,2.0,9,En Avant de Guingamp,4769,France,2,19
52,7893.0,3.0,5.0,1.0,True,7893.0,7809.0,2008/2009,18.0,2009-02-01,True,70,40,Fast,Balanced,Little,Little,40,65,Mixed,Mixed,Organised,Organised,70,45,Risky,Normal,40,70,Normal,Lots,70,50,Lots,Normal,Organised,Organised,70,45,High,Medium,65,40,Press,Press,70,50,Wide,Normal,Cover,Cover,75.9,71.2,81.0,79.0,4.428888888888888,1.3611111111111112,8.011111111111111,8697.0,9912.0,3.0,0.0,2,SV Werder Bremen,7809,Germany,4,29
53,7893.0,0.0,1.0,1.0,False,7893.0,7809.0,2008/2009,18.0,2009-02-01,False,40,70,Balanced,Fast,Little,Little,65,40,Mixed,Mixed,Organised,Organised,45,70,Normal,Risky,70,40,Lots,Normal,50,70,Normal,Lots,Organised,Organised,45,70,Medium,High,40,65,Press,Press,50,70,Normal,Wide,Cover,Cover,71.2,75.9,79.0,81.0,4.428888888888888,8.011111111111111,1.3611111111111112,9912.0,8697.0,0.0,3.0,2,DSC Arminia Bielefeld,7809,Germany,4,29
54,9933.0,0.0,0.0,0.0,False,9933.0,7809.0,2014/2015,8.0,2014-10-18,False,40,37,Balanced,Balanced,Normal,Normal,47,22,Mixed,Short,Organised,Free Form,37,21,Normal,Safe,40,38,Normal,Normal,51,40,Normal,Normal,Organised,Free Form,40,61,Medium,Medium,50,59,Press,Press,45,40,Normal,Normal,Cover,Cover,73.7,83.275,71.0,90.0,9.708333333333334,19.833333333333332,1.11,8697.0,9823.0,0.0,3.0,10,SV Werder Bremen,7809,Germany,1,22
55,9933.0,3.0,4.0,1.0,True,9933.0,7809.0,2014/2015,8.0,2014-10-18,True,37,40,Balanced,Balanced,Normal,Normal,22,47,Short,Mixed,Free Form,Organised,21,37,Safe,Normal,38,40,Normal,Normal,40,51,Normal,Normal,Free Form,Organised,61,40,Medium,Medium,59,50,Press,Press,40,45,Normal,Normal,Cover,Cover,83.275,73.7,90.0,71.0,9.708333333333334,1.11,19.833333333333332,9823.0,8697.0,3.0,0.0,10,FC Bayern Munich,7809,Germany,1,22
56,10253.0,2.0,5.0,0.0,False,10253.0,7809.0,2015/2016,9.0,2015-10-17,True,56,45,Balanced,Balanced,Normal,Little,63,28,Mixed,Short,Organised,Free Form,68,37,Risky,Normal,66,31,Normal,Little,58,22,Normal,Little,Organised,Free Form,63,72,Medium,High,47,53,Press,Press,73,59,Wide,Normal,Cover,Cover,73.6,82.35,75.0,90.0,6.633333333333333,13.333333333333334,1.2066666666666668,8697.0,9823.0,2.0,2.0,10,SV Werder Bremen,7809,Germany,4,27
57,10253.0,2.0,4.0,0.0,True,10253.0,7809.0,2015/2016,9.0,2015-10-17,False,45,56,Balanced,Balanced,Little,Normal,28,63,Short,Mixed,Free Form,Organised,37,68,Normal,Risky,31,66,Little,Normal,22,58,Little,Normal,Free Form,Organised,72,63,High,Medium,53,47,Press,Press,59,73,Normal,Wide,Cover,Cover,82.35,73.6,90.0,75.0,6.633333333333333,1.2066666666666668,13.333333333333334,9823.0,8697.0,2.0,2.0,10,FC Bayern Munich,7809,Germany,4,27
58,7926.0,2.0,7.0,3.0,True,7926.0,7809.0,2008/2009,21.0,2009-02-21,True,65,55,Balanced,Balanced,Little,Little,40,65,Mixed,Mixed,Free Form,Organised,65,65,Normal,Normal,70,40,Lots,Normal,70,60,Lots,Normal,Free Form,Organised,70,45,High,Medium,40,55,Press,Press,65,70,Normal,Wide,Cover,Cover,82.9,68.4,79.0,75.0,5.227777777777778,1.2466666666666666,10.777777777777779,9823.0,8722.0,2.0,3.0,2,FC Bayern Munich,7809,Germany,4,29
59,7926.0,3.0,2.0,0.0,False,7926.0,7809.0,2008/2009,21.0,2009-02-21,False,55,65,Balanced,Balanced,Little,Little,65,40,Mixed,Mixed,Organised,Free Form,65,65,Normal,Normal,40,70,Normal,Lots,60,70,Normal,Lots,Organised,Free Form,45,70,Medium,High,55,40,Press,Press,70,65,Wide,Normal,Cover,Cover,68.4,82.9,75.0,79.0,5.227777777777778,10.777777777777779,1.2466666666666666,8722.0,9823.0,3.0,2.0,2,1. FC Köln,7809,Germany,4,29
60,8673.0,5.0,9.0,1.0,True,8673.0,7809.0,2010/2011,4.0,2010-09-18,True,42,58,Balanced,Balanced,Little,Little,40,71,Mixed,Long,Organised,Organised,34,42,Normal,Normal,30,39,Little,Normal,72,50,Lots,Normal,Free Form,Organised,39,40,Medium,Medium,52,40,Press,Press,65,56,Normal,Normal,Cover,Cover,80.5,73.1,78.0,72.0,5.916666666666667,1.2277777777777779,11.5,9823.0,8722.0,5.0,1.0,9,FC Bayern Munich,7809,Germany,1,25
61,8673.0,1.0,4.0,0.0,False,8673.0,7809.0,2010/2011,4.0,2010-09-18,False,58,42,Balanced,Balanced,Little,Little,71,40,Long,Mixed,Organised,Organised,42,34,Normal,Normal,39,30,Normal,Little,50,72,Normal,Lots,Organised,Free Form,40,39,Medium,Medium,40,52,Press,Press,56,65,Normal,Normal,Cover,Cover,73.1,80.5,72.0,78.0,5.916666666666667,11.5,1.2277777777777779,8722.0,9823.0,1.0,5.0,9,1. FC Köln,7809,Germany,1,25
62,8686.0,2.0,1.0,0.0,True,8686.0,7809.0,2010/2011,5.0,2010-09-21,False,42,75,Balanced,Fast,Little,Little,40,35,Mixed,Mixed,Organised,Organised,34,72,Normal,Risky,30,51,Little,Normal,72,68,Lots,Lots,Free Form,Free Form,39,68,Medium,High,52,50,Press,Press,65,52,Normal,Normal,Cover,Cover,80.5,76.5,78.0,71.0,3.388888888888889,2.0277777777777777,3.533333333333333,9823.0,8226.0,2.0,4.0,9,FC Bayern Munich,7809,Germany,3,27
63,8686.0,4.0,0.0,0.0,False,8686.0,7809.0,2010/2011,5.0,2010-09-21,True,75,42,Fast,Balanced,Little,Little,35,40,Mixed,Mixed,Organised,Organised,72,34,Risky,Normal,51,30,Normal,Little,68,72,Lots,Lots,Free Form,Free Form,68,39,High,Medium,50,52,Press,Press,52,65,Normal,Normal,Cover,Cover,76.5,80.5,71.0,78.0,3.388888888888889,3.533333333333333,2.0277777777777777,8226.0,9823.0,4.0,2.0,9,TSG 1899 Hoffenheim,7809,Germany,3,27
64,9708.0,7.0,8.0,2.0,True,9708.0,7809.0,2014/2015,16.0,2014-12-16,True,37,39,Balanced,Balanced,Normal,Normal,22,48,Short,Mixed,Free Form,Organised,21,55,Safe,Normal,38,33,Normal,Little,40,44,Normal,Normal,Free Form,Free Form,61,59,Medium,Medium,59,60,Press,Press,40,39,Normal,Normal,Cover,Cover,83.275,71.25,90.0,77.0,10.125,1.0933333333333335,24.833333333333332,9823.0,8358.0,7.0,0.0,12,FC Bayern Munich,7809,Germany,2,8
65,9708.0,0.0,1.0,0.0,False,9708.0,7809.0,2014/2015,16.0,2014-12-16,False,39,37,Balanced,Balanced,Normal,Normal,48,22,Mixed,Short,Organised,Free Form,55,21,Normal,Safe,33,38,Little,Normal,44,40,Normal,Normal,Free Form,Free Form,59,61,Medium,Medium,60,59,Press,Press,39,40,Normal,Normal,Cover,Cover,71.25,83.275,77.0,90.0,10.125,24.833333333333332,1.0933333333333335,8358.0,9823.0,0.0,7.0,12,SC Freiburg,7809,Germany,2,8
66,9780.0,6.0,5.0,1.0,True,9780.0,7809.0,2014/2015,23.0,2015-02-27,True,37,59,Balanced,Balanced,Normal,Normal,22,57,Short,Mixed,Free Form,Organised,21,53,Safe,Normal,38,47,Normal,Normal,40,59,Normal,Normal,Free Form,Organised,61,57,Medium,Medium,59,46,Press,Press,40,54,Normal,Normal,Cover,Cover,83.275,71.9,90.0,74.0,9.25,1.1066666666666667,24.166666666666668,9823.0,8722.0,6.0,1.0,2,FC Bayern Munich,7809,Germany,1,16
67,9780.0,1.0,4.0,0.0,False,9780.0,7809.0,2014/2015,23.0,2015-02-27,False,59,37,Balanced,Balanced,Normal,Normal,57,22,Mixed,Short,Organised,Free Form,53,21,Normal,Safe,47,38,Normal,Normal,59,40,Normal,Normal,Organised,Free Form,57,61,Medium,Medium,46,59,Press,Press,54,40,Normal,Normal,Cover,Cover,71.9,83.275,74.0,90.0,9.25,24.166666666666668,1.1066666666666667,8722.0,9823.0,1.0,6.0,2,1. FC Köln,7809,Germany,1,16
68,9886.0,3.0,3.0,1.0,True,9886.0,7809.0,2014/2015,33.0,2015-05-16,False,37,39,Balanced,Balanced,Normal,Normal,22,48,Short,Mixed,Free Form,Organised,21,55,Safe,Normal,38,33,Normal,Little,40,44,Normal,Normal,Free Form,Free Form,61,59,Medium,Medium,59,60,Press,Press,40,39,Normal,Normal,Cover,Cover,83.275,71.25,90.0,77.0,4.205,1.5350000000000001,6.191666666666666,9823.0,8358.0,3.0,2.0,5,FC Bayern Munich,7809,Germany,1,31
69,9886.0,2.0,0.0,2.0,False,9886.0,7809.0,2014/2015,33.0,2015-05-16,True,39,37,Balanced,Balanced,Normal,Normal,48,22,Mixed,Short,Organised,Free Form,55,21,Normal,Safe,33,38,Little,Normal,44,40,Normal,Normal,Free Form,Free Form,59,61,Medium,Medium,60,59,Press,Press,39,40,Normal,Normal,Cover,Cover,71.25,83.275,77.0,90.0,4.205,6.191666666666666,1.5350000000000001,8358.0,9823.0,2.0,3.0,5,SC Freiburg,7809,Germany,1,31
70,10095.0,4.0,5.0,1.0,True,10095.0,7809.0,2015/2016,24.0,2016-03-02,True,45,60,Balanced,Balanced,Little,Normal,28,53,Short,Mixed,Free Form,Organised,37,49,Normal,Normal,31,40,Little,Normal,22,44,Little,Normal,Free Form,Organised,72,55,High,Medium,53,62,Press,Press,59,47,Normal,Normal,Cover,Cover,82.35,73.0,90.0,79.0,8.5,1.13,19.583333333333332,9823.0,9905.0,4.0,1.0,3,FC Bayern Munich,7809,Germany,3,22
71,10095.0,1.0,0.0,0.0,False,10095.0,7809.0,2015/2016,24.0,2016-03-02,False,60,45,Balanced,Balanced,Normal,Little,53,28,Mixed,Short,Organised,Free Form,49,37,Normal,Normal,40,31,Normal,Little,44,22,Normal,Little,Organised,Free Form,55,72,Medium,High,62,53,Press,Press,47,59,Normal,Normal,Cover,Cover,73.0,82.35,79.0,90.0,8.5,19.583333333333332,1.13,9905.0,9823.0,1.0,4.0,3,1. FSV Mainz 05,7809,Germany,3,22
72,10129.0,1.0,2.0,2.0,True,10129.0,7809.0,2015/2016,27.0,2016-03-19,False,45,59,Balanced,Balanced,Little,Normal,28,65,Short,Mixed,Free Form,Organised,37,57,Normal,Normal,31,36,Little,Normal,22,71,Little,Lots,Free Form,Organised,72,42,High,Medium,53,56,Press,Press,59,51,Normal,Normal,Cover,Cover,82.35,74.6,90.0,74.5,5.416666666666667,1.28,10.758333333333333,9823.0,8722.0,1.0,0.0,3,FC Bayern Munich,7809,Germany,2,36
73,10129.0,0.0,2.0,0.0,False,10129.0,7809.0,2015/2016,27.0,2016-03-19,True,59,45,Balanced,Balanced,Normal,Little,65,28,Mixed,Short,Organised,Free Form,57,37,Normal,Normal,36,31,Normal,Little,71,22,Lots,Little,Organised,Free Form,42,72,Medium,High,56,53,Press,Press,51,59,Normal,Normal,Cover,Cover,74.6,82.35,74.5,90.0,5.416666666666667,10.758333333333333,1.28,8722.0,9823.0,0.0,1.0,3,1. FC Köln,7809,Germany,2,36
74,10195.0,1.0,2.0,2.0,False,10195.0,7809.0,2015/2016,34.0,2016-05-14,False,59,71,Balanced,Fast,Normal,Normal,65,40,Mixed,Mixed,Organised,Organised,57,70,Normal,Risky,36,44,Normal,Normal,71,49,Lots,Normal,Organised,Free Form,42,65,Medium,Medium,56,71,Press,Double,51,40,Normal,Normal,Cover,Cover,74.6,81.1,74.5,80.0,5.666666666666667,8.666666666666666,1.2899999999999998,8722.0,9789.0,1.0,4.0,5,1. FC Köln,7809,Germany,1,12
75,10195.0,4.0,3.0,1.0,True,10195.0,7809.0,2015/2016,34.0,2016-05-14,True,71,59,Fast,Balanced,Normal,Normal,40,65,Mixed,Mixed,Organised,Organised,70,57,Risky,Normal,44,36,Normal,Normal,49,71,Normal,Lots,Free Form,Organised,65,42,Medium,Medium,71,56,Double,Press,40,51,Normal,Normal,Cover,Cover,81.1,74.6,80.0,74.5,5.666666666666667,1.2899999999999998,8.666666666666666,9789.0,8722.0,4.0,1.0,5,Borussia Dortmund,7809,Germany,1,12
76,9713.0,1.0,7.0,1.0,True,9713.0,7809.0,2014/2015,16.0,2014-12-17,True,63,68,Balanced,Fast,Normal,Normal,42,55,Mixed,Mixed,Organised,Organised,57,51,Normal,Normal,50,59,Normal,Normal,52,59,Normal,Normal,Organised,Organised,43,41,Medium,Medium,46,60,Press,Press,55,51,Normal,Normal,Cover,Cover,74.1,73.1,73.0,75.0,3.4,2.125,3.35,9810.0,8177.0,1.0,0.0,12,Eintracht Frankfurt,7809,Germany,5,30
77,9713.0,0.0,1.0,0.0,False,9713.0,7809.0,2014/2015,16.0,2014-12-17,False,68,63,Fast,Balanced,Normal,Normal,55,42,Mixed,Mixed,Organised,Organised,51,57,Normal,Normal,59,50,Normal,Normal,59,52,Normal,Normal,Organised,Organised,41,43,Medium,Medium,60,46,Press,Press,51,55,Normal,Normal,Cover,Cover,73.1,74.1,75.0,73.0,3.4,3.35,2.125,8177.0,9810.0,0.0,1.0,12,Hertha BSC Berlin,7809,Germany,5,30
78,9867.0,1.0,3.0,1.0,False,9867.0,7809.0,2014/2015,31.0,2015-05-03,True,68,31,Fast,Slow,Normal,Normal,55,32,Mixed,Short,Organised,Organised,51,38,Normal,Normal,59,26,Normal,Little,59,49,Normal,Normal,Organised,Free Form,41,43,Medium,Medium,60,50,Press,Press,51,41,Normal,Normal,Cover,Cover,73.1,75.9,75.0,80.0,3.5083333333333333,4.708333333333333,1.8016666666666667,8177.0,9788.0,1.0,3.0,5,Hertha BSC Berlin,7809,Germany,5,25
79,9867.0,3.0,3.0,2.0,True,9867.0,7809.0,2014/2015,31.0,2015-05-03,False,31,68,Slow,Fast,Normal,Normal,32,55,Short,Mixed,Organised,Organised,38,51,Normal,Normal,26,59,Little,Normal,49,59,Normal,Normal,Free Form,Organised,43,41,Medium,Medium,50,60,Press,Press,41,51,Normal,Normal,Cover,Cover,75.9,73.1,80.0,75.0,3.5083333333333333,1.8016666666666667,4.708333333333333,9788.0,8177.0,3.0,1.0,5,Borussia Mönchengladbach,7809,Germany,5,25
80,10126.0,3.0,1.0,1.0,False,10126.0,7809.0,2015/2016,27.0,2016-03-20,True,59,71,Balanced,Fast,Normal,Normal,55,40,Mixed,Mixed,Organised,Organised,49,70,Normal,Risky,62,44,Normal,Normal,55,49,Normal,Normal,Organised,Free Form,34,65,Medium,Medium,50,71,Press,Double,59,40,Normal,Normal,Cover,Cover,74.4,81.1,72.0,80.0,4.265000000000001,6.4750000000000005,1.4966666666666668,8406.0,9789.0,3.0,2.0,3,FC Augsburg,7809,Germany,5,22
81,10126.0,2.0,3.0,0.0,True,10126.0,7809.0,2015/2016,27.0,2016-03-20,False,71,59,Fast,Balanced,Normal,Normal,40,55,Mixed,Mixed,Organised,Organised,70,49,Risky,Normal,44,62,Normal,Normal,49,55,Normal,Normal,Free Form,Organised,65,34,Medium,Medium,71,50,Double,Press,40,59,Normal,Normal,Cover,Cover,81.1,74.4,80.0,72.0,4.265000000000001,1.4966666666666668,6.4750000000000005,9789.0,8406.0,2.0,3.0,3,Borussia Dortmund,7809,Germany,5,22
82,10205.0,1.0,0.0,3.0,False,10205.0,7809.0,2015/2016,4.0,2015-09-12,False,59,73,Balanced,Fast,Normal,Little,77,55,Long,Mixed,Organised,Organised,52,77,Normal,Risky,77,54,Lots,Normal,45,61,Normal,Normal,Organised,Organised,32,61,Deep,Medium,56,72,Press,Double,41,50,Normal,Normal,Cover,Cover,71.7,78.2,71.0,83.0,5.583333333333333,11.666666666666666,1.2733333333333332,8262.0,8178.0,1.0,2.0,9,SV Darmstadt 98,7809,Germany,4,32
83,10205.0,2.0,4.0,1.0,True,10205.0,7809.0,2015/2016,4.0,2015-09-12,True,73,59,Fast,Balanced,Little,Normal,55,77,Mixed,Long,Organised,Organised,77,52,Risky,Normal,54,77,Normal,Lots,61,45,Normal,Normal,Organised,Organised,61,32,Medium,Deep,72,56,Double,Press,50,41,Normal,Normal,Cover,Cover,78.2,71.7,83.0,71.0,5.583333333333333,1.2733333333333332,11.666666666666666,8178.0,8262.0,2.0,1.0,9,Bayer 04 Leverkusen,7809,Germany,4,32
84,10411.0,3.0,7.0,5.0,True,10411.0,10257.0,2008/2009,23.0,2009-02-07,True,45,55,Balanced,Balanced,Little,Little,30,30,Short,Short,Free Form,Organised,55,30,Normal,Safe,45,30,Normal,Little,70,70,Lots,Lots,Free Form,Organised,30,40,Deep,Medium,35,50,Press,Press,60,50,Normal,Normal,Offside Trap,Cover,81.55,67.3,78.0,72.0,5.5,1.198888888888889,13.444444444444445,8564.0,8690.0,3.0,2.0,2,Milan,10257,Italy,8,37
85,10411.0,2.0,0.0,0.0,False,10411.0,10257.0,2008/2009,23.0,2009-02-07,False,55,45,Balanced,Balanced,Little,Little,30,30,Short,Short,Organised,Free Form,30,55,Safe,Normal,30,45,Little,Normal,70,70,Lots,Lots,Organised,Free Form,40,30,Medium,Deep,50,35,Press,Press,50,60,Normal,Normal,Cover,Offside Trap,67.3,81.55,72.0,78.0,5.5,13.444444444444445,1.198888888888889,8690.0,8564.0,2.0,3.0,2,Reggio Calabria,10257,Italy,8,37
86,10495.0,3.0,7.0,0.0,True,10495.0,10257.0,2008/2009,30.0,2009-04-05,True,45,40,Balanced,Balanced,Little,Little,30,30,Short,Short,Free Form,Organised,55,45,Normal,Normal,45,60,Normal,Normal,70,70,Lots,Lots,Free Form,Organised,30,30,Deep,Deep,35,70,Press,Double,60,65,Normal,Normal,Offside Trap,Cover,81.55,69.8,78.0,71.0,5.027777777777778,1.2477777777777779,11.166666666666666,8564.0,9888.0,3.0,2.0,4,Milan,10257,Italy,4,30
87,10495.0,2.0,2.0,1.0,False,10495.0,10257.0,2008/2009,30.0,2009-04-05,False,40,45,Balanced,Balanced,Little,Little,30,30,Short,Short,Organised,Free Form,45,55,Normal,Normal,60,45,Normal,Normal,70,70,Lots,Lots,Organised,Free Form,30,30,Deep,Deep,70,35,Double,Press,65,60,Normal,Normal,Cover,Offside Trap,69.8,81.55,71.0,78.0,5.027777777777778,11.166666666666666,1.2477777777777779,9888.0,8564.0,2.0,3.0,4,Lecce,10257,Italy,4,30
88,12978.0,9.0,5.0,0.0,True,12978.0,10257.0,2015/2016,17.0,2015-12-20,False,48,63,Balanced,Balanced,Lots,Normal,52,46,Mixed,Mixed,Organised,Organised,66,51,Normal,Normal,36,50,Normal,Normal,69,50,Lots,Normal,Organised,Organised,58,55,Medium,Medium,57,57,Press,Press,49,47,Normal,Normal,Cover,Cover,77.85,68.7,70.0,72.0,3.6166666666666667,1.7283333333333335,5.033333333333333,8564.0,9891.0,9.0,4.0,12,Milan,10257,Italy,8,25
89,12978.0,4.0,3.0,2.0,False,12978.0,10257.0,2015/2016,17.0,2015-12-20,True,63,48,Balanced,Balanced,Normal,Lots,46,52,Mixed,Mixed,Organised,Organised,51,66,Normal,Normal,50,36,Normal,Normal,50,69,Normal,Lots,Organised,Organised,55,58,Medium,Medium,57,57,Press,Press,47,49,Normal,Normal,Cover,Cover,68.7,77.85,72.0,70.0,3.6166666666666667,5.033333333333333,1.7283333333333335,9891.0,8564.0,4.0,9.0,12,Frosinone,10257,Italy,8,25
90,13166.0,4.0,7.0,1.0,True,13166.0,10257.0,2015/2016,34.0,2016-04-21,True,48,80,Balanced,Fast,Lots,Normal,52,65,Mixed,Mixed,Organised,Organised,66,70,Normal,Risky,36,40,Normal,Normal,69,50,Lots,Normal,Organised,Organised,58,25,Medium,Deep,57,55,Press,Press,49,35,Normal,Normal,Cover,Cover,77.85,70.5,70.0,70.0,4.2,1.4533333333333331,7.375,8564.0,208931.0,4.0,0.0,4,Milan,10257,Italy,5,32
91,13166.0,0.0,2.0,1.0,False,13166.0,10257.0,2015/2016,34.0,2016-04-21,False,80,48,Fast,Balanced,Normal,Lots,65,52,Mixed,Mixed,Organised,Organised,70,66,Risky,Normal,40,36,Normal,Normal,50,69,Normal,Lots,Organised,Organised,25,58,Deep,Medium,55,57,Press,Press,35,49,Normal,Normal,Cover,Cover,70.5,77.85,70.0,70.0,4.2,7.375,1.4533333333333331,208931.0,8564.0,0.0,4.0,4,Carpi,10257,Italy,5,32
92,10950.0,3.0,3.0,1.0,True,10950.0,10257.0,2009/2010,38.0,2010-05-16,False,55,35,Balanced,Balanced,Little,Little,55,30,Mixed,Short,Free Form,Organised,50,30,Normal,Safe,55,30,Normal,Little,70,55,Lots,Normal,Organised,Organised,50,40,Medium,Medium,60,65,Press,Press,55,55,Normal,Normal,Cover,Offside Trap,83.6,69.6,89.0,76.0,8.016666666666667,1.1055555555555554,18.666666666666668,8636.0,8551.0,3.0,1.0,5,Inter,10257,Italy,6,20
93,10950.0,1.0,1.0,0.0,False,10950.0,10257.0,2009/2010,38.0,2010-05-16,True,35,55,Balanced,Balanced,Little,Little,30,55,Short,Mixed,Organised,Free Form,30,50,Safe,Normal,30,55,Little,Normal,55,70,Normal,Lots,Organised,Organised,40,50,Medium,Medium,65,60,Press,Press,55,55,Normal,Normal,Offside Trap,Cover,69.6,83.6,76.0,89.0,8.016666666666667,18.666666666666668,1.1055555555555554,8551.0,8636.0,1.0,3.0,5,Siena,10257,Italy,6,20
94,12531.0,1.0,1.0,1.0,True,12531.0,10257.0,2014/2015,10.0,2014-11-01,False,67,48,Fast,Balanced,Normal,Lots,67,33,Long,Short,Organised,Organised,68,69,Risky,Risky,69,62,Lots,Normal,66,45,Normal,Normal,Organised,Organised,23,54,Deep,Medium,57,66,Press,Press,34,46,Normal,Normal,Cover,Offside Trap,76.3,69.8,84.0,77.0,3.266666666666667,2.216666666666667,3.3083333333333336,8636.0,10167.0,1.0,1.0,11,Inter,10257,Italy,4,36
95,12531.0,1.0,3.0,2.0,False,12531.0,10257.0,2014/2015,10.0,2014-11-01,True,48,67,Balanced,Fast,Lots,Normal,33,67,Short,Long,Organised,Organised,69,68,Risky,Risky,62,69,Normal,Lots,45,66,Normal,Normal,Organised,Organised,54,23,Medium,Deep,66,57,Press,Press,46,34,Normal,Normal,Offside Trap,Cover,69.8,76.3,77.0,84.0,3.266666666666667,3.3083333333333336,2.216666666666667,10167.0,8636.0,1.0,1.0,11,Parma,10257,Italy,4,36
96,11504.0,5.0,5.0,1.0,True,11504.0,10257.0,2011/2012,19.0,2012-01-21,True,60,60,Balanced,Balanced,Little,Little,40,40,Mixed,Mixed,Free Form,Organised,65,50,Normal,Normal,35,35,Normal,Normal,50,65,Normal,Normal,Free Form,Organised,35,35,Medium,Medium,45,45,Press,Press,50,50,Normal,Normal,Offside Trap,Cover,76.2,71.77777777777777,84.0,74.0,4.367777777777778,1.3777777777777775,9.055555555555555,8686.0,9880.0,5.0,1.0,1,Roma,10257,Italy,1,10
97,11504.0,1.0,3.0,0.0,False,11504.0,10257.0,2011/2012,19.0,2012-01-21,False,60,60,Balanced,Balanced,Little,Little,40,40,Mixed,Mixed,Organised,Free Form,50,65,Normal,Normal,35,35,Normal,Normal,65,50,Normal,Normal,Organised,Free Form,35,35,Medium,Medium,45,45,Press,Press,50,50,Normal,Normal,Cover,Offside Trap,71.77777777777777,76.2,74.0,84.0,4.367777777777778,9.055555555555555,1.3777777777777775,9880.0,8686.0,1.0,5.0,1,Cesena,10257,Italy,1,10
98,12681.0,4.0,7.0,1.0,True,12681.0,10257.0,2014/2015,24.0,2015-02-22,False,67,63,Fast,Balanced,Normal,Normal,38,48,Mixed,Mixed,Organised,Organised,73,39,Risky,Normal,64,54,Normal,Normal,56,55,Normal,Normal,Free Form,Organised,36,31,Medium,Deep,57,47,Press,Press,34,37,Normal,Normal,Cover,Cover,79.0,71.2,78.0,70.5,3.5583333333333336,1.75,4.8999999999999995,8686.0,9876.0,4.0,2.0,2,Roma,10257,Italy,5,19
99,12681.0,2.0,1.0,0.0,False,12681.0,10257.0,2014/2015,24.0,2015-02-22,True,63,67,Balanced,Fast,Normal,Normal,48,38,Mixed,Mixed,Organised,Organised,39,73,Normal,Risky,54,64,Normal,Normal,55,56,Normal,Normal,Organised,Free Form,31,36,Deep,Medium,47,57,Press,Press,37,34,Normal,Normal,Cover,Cover,71.2,79.0,70.5,78.0,3.5583333333333336,4.8999999999999995,1.75,9876.0,8686.0,2.0,4.0,2,Hellas Verona,10257,Italy,5,19
100,13017.0,1.0,5.0,0.0,True,13017.0,10257.0,2015/2016,20.0,2016-01-17,True,68,57,Fast,Balanced,Little,Little,47,38,Mixed,Mixed,Organised,Organised,71,39,Risky,Normal,54,54,Normal,Normal,66,55,Normal,Normal,Free Form,Organised,36,47,Medium,Medium,57,59,Press,Press,48,52,Normal,Normal,Cover,Cover,80.5,72.5,78.0,64.0,4.8500000000000005,1.3583333333333334,8.875,8686.0,9876.0,1.0,3.0,1,Roma,10257,Italy,2,29
101,13017.0,3.0,1.0,0.0,False,13017.0,10257.0,2015/2016,20.0,2016-01-17,False,57,68,Balanced,Fast,Little,Little,38,47,Mixed,Mixed,Organised,Organised,39,71,Normal,Risky,54,54,Normal,Normal,55,66,Normal,Normal,Organised,Free Form,47,36,Medium,Medium,59,57,Press,Press,52,48,Normal,Normal,Cover,Cover,72.5,80.5,64.0,78.0,4.8500000000000005,8.875,1.3583333333333334,9876.0,8686.0,3.0,1.0,1,Hellas Verona,10257,Italy,2,29
102,12880.0,2.0,3.0,2.0,False,12880.0,10257.0,2014/2015,8.0,2014-10-26,False,63,72,Balanced,Fast,Normal,Lots,48,34,Mixed,Mixed,Organised,Organised,39,76,Normal,Risky,54,66,Normal,Normal,55,73,Normal,Lots,Organised,Organised,31,61,Deep,Medium,47,59,Press,Press,37,39,Normal,Normal,Cover,Cover,71.2,77.9,70.5,75.0,4.255,7.666666666666667,1.4299999999999997,9876.0,9875.0,2.0,11.0,10,Hellas Verona,10257,Italy,2,18
103,12880.0,11.0,3.0,2.0,True,12880.0,10257.0,2014/2015,8.0,2014-10-26,True,72,63,Fast,Balanced,Lots,Normal,34,48,Mixed,Mixed,Organised,Organised,76,39,Risky,Normal,66,54,Normal,Normal,73,55,Lots,Normal,Organised,Organised,61,31,Medium,Deep,59,47,Press,Press,39,37,Normal,Normal,Cover,Cover,77.9,71.2,75.0,70.5,4.255,1.4299999999999997,7.666666666666667,9875.0,9876.0,11.0,2.0,10,Napoli,10257,Italy,2,18
104,21953.0,3.0,0.0,2.0,True,21953.0,21518.0,2009/2010,14.0,2009-12-12,True,42,55,Balanced,Balanced,Little,Little,30,40,Short,Mixed,Free Form,Organised,65,70,Normal,Risky,40,55,Normal,Normal,70,70,Lots,Lots,Free Form,Organised,70,70,High,High,30,50,Contain,Press,70,60,Wide,Normal,Offside Trap,Cover,84.0,71.7,84.0,81.0,6.300000000000001,1.1766666666666665,14.11111111111111,8634.0,8558.0,3.0,1.0,12,FC Barcelona,21518,Spain,6,29
105,21953.0,1.0,1.0,0.0,False,21953.0,21518.0,2009/2010,14.0,2009-12-12,False,55,42,Balanced,Balanced,Little,Little,40,30,Mixed,Short,Organised,Free Form,70,65,Risky,Normal,55,40,Normal,Normal,70,70,Lots,Lots,Organised,Free Form,70,70,High,High,50,30,Press,Contain,60,70,Normal,Wide,Cover,Offside Trap,71.7,84.0,81.0,84.0,6.300000000000001,14.11111111111111,1.1766666666666665,8558.0,8634.0,1.0,3.0,12,RCD Espanyol,21518,Spain,6,29
106,22067.0,2.0,3.0,0.0,True,22067.0,21518.0,2009/2010,24.0,2010-02-27,True,42,60,Balanced,Balanced,Little,Little,30,55,Short,Mixed,Free Form,Organised,65,40,Normal,Normal,40,45,Normal,Normal,70,70,Lots,Lots,Free Form,Organised,70,45,High,Medium,30,65,Contain,Press,70,45,Wide,Normal,Offside Trap,Cover,84.0,72.33333333333333,84.0,73.0,6.888888888888889,1.1455555555555557,16.77777777777778,8634.0,9864.0,2.0,1.0,2,FC Barcelona,21518,Spain,2,19
107,22067.0,1.0,0.0,1.0,False,22067.0,21518.0,2009/2010,24.0,2010-02-27,False,60,42,Balanced,Balanced,Little,Little,55,30,Mixed,Short,Organised,Free Form,40,65,Normal,Normal,45,40,Normal,Normal,70,70,Lots,Lots,Organised,Free Form,45,70,Medium,High,65,30,Press,Contain,45,70,Normal,Wide,Cover,Offside Trap,72.33333333333333,84.0,73.0,84.0,6.888888888888889,16.77777777777778,1.1455555555555557,9864.0,8634.0,1.0,2.0,2,Málaga CF,21518,Spain,2,19
108,22153.0,6.0,4.0,0.0,True,22153.0,21518.0,2009/2010,32.0,2010-04-14,True,42,30,Balanced,Slow,Little,Little,30,30,Short,Short,Free Form,Organised,65,30,Normal,Safe,40,45,Normal,Normal,70,65,Lots,Normal,Free Form,Organised,70,35,High,Medium,30,35,Contain,Press,70,45,Wide,Normal,Offside Trap,Offside Trap,84.0,75.0,84.0,79.0,7.5,1.1233333333333335,16.5,8634.0,9783.0,6.0,1.0,4,FC Barcelona,21518,Spain,3,25
109,22153.0,1.0,1.0,1.0,False,22153.0,21518.0,2009/2010,32.0,2010-04-14,False,30,42,Slow,Balanced,Little,Little,30,30,Short,Short,Organised,Free Form,30,65,Safe,Normal,45,40,Normal,Normal,65,70,Normal,Lots,Organised,Free Form,35,70,Medium,High,35,30,Press,Contain,45,70,Normal,Wide,Offside Trap,Offside Trap,75.0,84.0,79.0,84.0,7.5,16.5,1.1233333333333335,9783.0,8634.0,1.0,6.0,4,RC Deportivo de La Coruña,21518,Spain,3,25
110,22191.0,3.0,2.0,1.0,True,22191.0,21518.0,2009/2010,36.0,2010-05-04,True,42,30,Balanced,Slow,Little,Little,30,30,Short,Short,Free Form,Organised,65,45,Normal,Normal,40,30,Normal,Little,70,65,Lots,Normal,Free Form,Organised,70,50,High,Medium,30,30,Contain,Contain,70,45,Wide,Normal,Offside Trap,Cover,84.0,70.66666666666667,84.0,75.0,10.944444444444445,1.0633333333333335,27.72222222222222,8634.0,9867.0,3.0,1.0,5,FC Barcelona,21518,Spain,3,27
111,22191.0,1.0,1.0,0.0,False,22191.0,21518.0,2009/2010,36.0,2010-05-04,False,30,42,Slow,Balanced,Little,Little,30,30,Short,Short,Organised,Free Form,45,65,Normal,Normal,30,40,Little,Normal,65,70,Normal,Lots,Organised,Free Form,50,70,Medium,High,30,30,Contain,Contain,45,70,Normal,Wide,Cover,Offside Trap,70.66666666666667,84.0,75.0,84.0,10.944444444444445,27.72222222222222,1.0633333333333335,9867.0,8634.0,1.0,3.0,5,CD Tenerife,21518,Spain,3,27
112,22266.0,6.0,3.0,1.0,True,22266.0,21518.0,2009/2010,8.0,2009-10-25,True,42,30,Balanced,Slow,Little,Little,30,30,Short,Short,Free Form,Free Form,65,50,Normal,Normal,40,35,Normal,Normal,70,70,Lots,Lots,Free Form,Organised,70,40,High,Medium,30,30,Contain,Contain,70,45,Wide,Normal,Offside Trap,Offside Trap,84.0,72.5,84.0,75.0,7.472222222222222,1.127777777777778,16.11111111111111,8634.0,8394.0,6.0,1.0,10,FC Barcelona,21518,Spain,2,23
113,22266.0,1.0,4.0,0.0,False,22266.0,21518.0,2009/2010,8.0,2009-10-25,False,30,42,Slow,Balanced,Little,Little,30,30,Short,Short,Free Form,Free Form,50,65,Normal,Normal,35,40,Normal,Normal,70,70,Lots,Lots,Organised,Free Form,40,70,Medium,High,30,30,Contain,Contain,45,70,Normal,Wide,Offside Trap,Offside Trap,72.5,84.0,75.0,84.0,7.472222222222222,16.11111111111111,1.127777777777778,8394.0,8634.0,1.0,6.0,10,Real Zaragoza,21518,Spain,2,23
114,22311.0,3.0,6.0,3.0,True,22311.0,21518.0,2010/2011,12.0,2010-11-20,False,43,55,Balanced,Balanced,Little,Little,34,53,Mixed,Mixed,Free Form,Organised,59,57,Normal,Normal,25,54,Little,Normal,68,69,Lots,Lots,Free Form,Organised,67,58,High,Medium,43,68,Press,Double,68,67,Wide,Wide,Cover,Cover,81.78,72.7,85.0,82.0,5.638888888888889,1.2477777777777779,11.555555555555555,8634.0,9865.0,3.0,1.0,11,FC Barcelona,21518,Spain,3,13
115,22311.0,1.0,2.0,0.0,False,22311.0,21518.0,2010/2011,12.0,2010-11-20,True,55,43,Balanced,Balanced,Little,Little,53,34,Mixed,Mixed,Organised,Free Form,57,59,Normal,Normal,54,25,Normal,Little,69,68,Lots,Lots,Organised,Free Form,58,67,Medium,High,68,43,Double,Press,67,68,Wide,Wide,Cover,Cover,72.7,81.78,82.0,85.0,5.638888888888889,11.555555555555555,1.2477777777777779,9865.0,8634.0,1.0,3.0,11,UD Almería,21518,Spain,3,13
116,22363.0,8.0,4.0,2.0,True,22363.0,21518.0,2010/2011,17.0,2011-01-02,True,43,68,Balanced,Fast,Little,Little,34,56,Mixed,Mixed,Free Form,Organised,59,69,Normal,Risky,25,55,Little,Normal,68,58,Lots,Normal,Free Form,Organised,67,37,High,Medium,43,47,Press,Press,68,54,Wide,Normal,Cover,Cover,81.78,70.61111111111111,85.0,72.0,10.5,1.0644444444444445,26.0,8634.0,8581.0,8.0,1.0,1,FC Barcelona,21518,Spain,5,24
117,22363.0,1.0,1.0,0.0,False,22363.0,21518.0,2010/2011,17.0,2011-01-02,False,68,43,Fast,Balanced,Little,Little,56,34,Mixed,Mixed,Organised,Free Form,69,59,Risky,Normal,55,25,Normal,Little,58,68,Normal,Lots,Organised,Free Form,37,67,Medium,High,47,43,Press,Press,54,68,Normal,Wide,Cover,Cover,70.61111111111111,81.78,72.0,85.0,10.5,26.0,1.0644444444444445,8581.0,8634.0,1.0,8.0,1,Levante UD,21518,Spain,5,24
118,22469.0,6.0,7.0,1.0,True,22469.0,21518.0,2010/2011,27.0,2011-03-05,True,43,43,Balanced,Balanced,Little,Little,34,40,Mixed,Mixed,Free Form,Organised,59,46,Normal,Normal,25,38,Little,Normal,68,42,Lots,Normal,Free Form,Organised,67,38,High,Medium,43,40,Press,Press,68,53,Wide,Normal,Cover,Cover,81.78,70.9,85.0,71.0,9.305555555555555,1.1022222222222222,19.833333333333332,8634.0,8394.0,6.0,0.0,3,FC Barcelona,21518,Spain,2,22
119,22469.0,0.0,1.0,0.0,False,22469.0,21518.0,2010/2011,27.0,2011-03-05,False,43,43,Balanced,Balanced,Little,Little,40,34,Mixed,Mixed,Organised,Free Form,46,59,Normal,Normal,38,25,Normal,Little,42,68,Normal,Lots,Organised,Free Form,38,67,Medium,High,40,43,Press,Press,53,68,Normal,Wide,Cover,Cover,70.9,81.78,71.0,85.0,9.305555555555555,19.833333333333332,1.1022222222222222,8394.0,8634.0,0.0,6.0,3,Real Zaragoza,21518,Spain,2,22
120,22584.0,0.0,2.0,0.0,True,22584.0,21518.0,2010/2011,37.0,2011-05-15,True,43,56,Balanced,Balanced,Little,Little,34,42,Mixed,Mixed,Free Form,Organised,59,57,Normal,Normal,25,69,Little,Lots,68,61,Lots,Normal,Free Form,Organised,67,38,High,Medium,43,44,Press,Press,68,69,Wide,Wide,Cover,Cover,81.78,73.6,85.0,78.0,4.058888888888889,1.5277777777777777,5.75,8634.0,9783.0,0.0,2.0,5,FC Barcelona,21518,Spain,2,25
121,22584.0,2.0,3.0,2.0,False,22584.0,21518.0,2010/2011,37.0,2011-05-15,False,56,43,Balanced,Balanced,Little,Little,42,34,Mixed,Mixed,Organised,Free Form,57,59,Normal,Normal,69,25,Lots,Little,61,68,Normal,Lots,Organised,Free Form,38,67,Medium,High,44,43,Press,Press,69,68,Wide,Wide,Cover,Cover,73.6,81.78,78.0,85.0,4.058888888888889,5.75,1.5277777777777777,9783.0,8634.0,2.0,0.0,5,RC Deportivo de La Coruña,21518,Spain,2,25
122,22618.0,4.0,5.0,2.0,True,22618.0,21518.0,2010/2011,6.0,2010-10-03,True,43,53,Balanced,Balanced,Little,Little,34,52,Mixed,Mixed,Free Form,Organised,59,55,Normal,Normal,25,52,Little,Normal,68,53,Lots,Normal,Free Form,Free Form,67,47,High,Medium,43,48,Press,Press,68,55,Wide,Normal,Cover,Cover,81.78,74.0,85.0,78.0,6.527777777777778,1.1777777777777778,14.0,8634.0,8661.0,4.0,1.0,10,FC Barcelona,21518,Spain,6,13
123,22618.0,1.0,3.0,0.0,False,22618.0,21518.0,2010/2011,6.0,2010-10-03,False,53,43,Balanced,Balanced,Little,Little,52,34,Mixed,Mixed,Organised,Free Form,55,59,Normal,Normal,52,25,Normal,Little,53,68,Normal,Lots,Free Form,Free Form,47,67,Medium,High,48,43,Press,Press,55,68,Normal,Wide,Cover,Cover,74.0,81.78,78.0,85.0,6.527777777777778,14.0,1.1777777777777778,8661.0,8634.0,1.0,4.0,10,RCD Mallorca,21518,Spain,6,13
124,23014.0,1.0,5.0,1.0,True,23014.0,21518.0,2011/2012,7.0,2011-10-02,False,24,51,Slow,Balanced,Little,Little,25,43,Short,Mixed,Free Form,Organised,37,68,Normal,Risky,24,61,Little,Normal,54,44,Normal,Normal,Free Form,Organised,66,36,Medium,Medium,63,60,Press,Press,66,39,Normal,Normal,Cover,Cover,84.9,73.4,85.0,73.0,7.144444444444444,1.17,14.333333333333334,8634.0,9869.0,1.0,2.0,10,FC Barcelona,21518,Spain,4,20
125,23014.0,2.0,1.0,0.0,False,23014.0,21518.0,2011/2012,7.0,2011-10-02,True,51,24,Balanced,Slow,Little,Little,43,25,Mixed,Short,Organised,Free Form,68,37,Risky,Normal,61,24,Normal,Little,44,54,Normal,Normal,Organised,Free Form,36,66,Medium,Medium,60,63,Press,Press,39,66,Normal,Normal,Cover,Cover,73.4,84.9,73.0,85.0,7.144444444444444,14.333333333333334,1.17,9869.0,8634.0,2.0,1.0,10,Real Sporting de Gijón,21518,Spain,4,20
126,23853.0,3.0,2.0,0.0,True,23853.0,21518.0,2014/2015,14.0,2014-12-07,True,35,50,Balanced,Balanced,Normal,Normal,32,44,Short,Mixed,Free Form,Organised,37,52,Normal,Normal,31,60,Little,Normal,35,40,Normal,Normal,Free Form,Organised,61,37,Medium,Medium,63,40,Press,Press,65,45,Normal,Normal,Cover,Cover,83.18,71.2,80.4,80.0,10.0,1.095,23.166666666666668,8634.0,8558.0,3.0,2.0,12,FC Barcelona,21518,Spain,4,17
127,23853.0,2.0,0.0,0.0,False,23853.0,21518.0,2014/2015,14.0,2014-12-07,False,50,35,Balanced,Balanced,Normal,Normal,44,32,Mixed,Short,Organised,Free Form,52,37,Normal,Normal,60,31,Normal,Little,40,35,Normal,Normal,Organised,Free Form,37,61,Medium,Medium,40,63,Press,Press,45,65,Normal,Normal,Cover,Cover,71.2,83.18,80.0,80.4,10.0,23.166666666666668,1.095,8558.0,8634.0,2.0,3.0,12,RCD Espanyol,21518,Spain,4,17
128,24110.0,5.0,1.0,0.0,True,24110.0,21518.0,2014/2015,38.0,2015-05-23,True,35,56,Balanced,Balanced,Normal,Normal,32,46,Short,Mixed,Free Form,Organised,37,38,Normal,Normal,31,52,Little,Normal,35,68,Normal,Lots,Free Form,Organised,61,45,Medium,Medium,63,50,Press,Press,65,59,Normal,Normal,Cover,Cover,83.18,71.6,80.4,74.0,5.875,1.28,10.166666666666666,8634.0,9783.0,5.0,0.0,5,FC Barcelona,21518,Spain,4,15
129,24110.0,0.0,1.0,0.0,False,24110.0,21518.0,2014/2015,38.0,2015-05-23,False,56,35,Balanced,Balanced,Normal,Normal,46,32,Mixed,Short,Organised,Free Form,38,37,Normal,Normal,52,31,Normal,Little,68,35,Lots,Normal,Organised,Free Form,45,61,Medium,Medium,50,63,Press,Press,59,65,Normal,Normal,Cover,Cover,71.6,83.18,74.0,80.4,5.875,10.166666666666666,1.28,9783.0,8634.0,0.0,5.0,5,RC Deportivo de La Coruña,21518,Spain,4,15
130,24147.0,3.0,8.0,0.0,True,24147.0,21518.0,2014/2015,6.0,2014-09-27,True,35,52,Balanced,Balanced,Normal,Normal,32,37,Short,Mixed,Free Form,Organised,37,67,Normal,Risky,31,68,Little,Lots,35,52,Normal,Normal,Free Form,Organised,61,49,Medium,Medium,63,45,Press,Press,65,64,Normal,Normal,Cover,Cover,83.18,71.5,80.4,74.0,8.25,1.1283333333333332,19.666666666666668,8634.0,7878.0,3.0,2.0,9,FC Barcelona,21518,Spain,4,23
131,24147.0,2.0,0.0,0.0,False,24147.0,21518.0,2014/2015,6.0,2014-09-27,False,52,35,Balanced,Balanced,Normal,Normal,37,32,Mixed,Short,Organised,Free Form,67,37,Risky,Normal,68,31,Lots,Little,52,35,Normal,Normal,Organised,Free Form,49,61,Medium,Medium,45,63,Press,Press,64,65,Normal,Normal,Cover,Cover,71.5,83.18,74.0,80.4,8.25,19.666666666666668,1.1283333333333332,7878.0,8634.0,2.0,3.0,9,Granada CF,21518,Spain,4,23
132,23862.0,3.0,8.0,1.0,True,23862.0,21518.0,2014/2015,15.0,2014-12-13,False,35,35,Balanced,Balanced,Normal,Normal,32,40,Short,Mixed,Free Form,Organised,37,58,Normal,Normal,31,42,Little,Normal,35,52,Normal,Normal,Free Form,Organised,61,49,Medium,Medium,63,45,Press,Press,65,47,Normal,Normal,Cover,Cover,83.18,71.8,80.4,79.0,6.333333333333333,1.2133333333333332,13.333333333333334,8634.0,8305.0,3.0,2.0,12,FC Barcelona,21518,Spain,2,32
133,23862.0,2.0,2.0,0.0,False,23862.0,21518.0,2014/2015,15.0,2014-12-13,True,35,35,Balanced,Balanced,Normal,Normal,40,32,Mixed,Short,Organised,Free Form,58,37,Normal,Normal,42,31,Normal,Little,52,35,Normal,Normal,Organised,Free Form,49,61,Medium,Medium,45,63,Press,Press,47,65,Normal,Normal,Cover,Cover,71.8,83.18,79.0,80.4,6.333333333333333,13.333333333333334,1.2133333333333332,8305.0,8634.0,2.0,3.0,12,Getafe CF,21518,Spain,2,32
134,23916.0,5.0,6.0,1.0,True,23916.0,21518.0,2014/2015,2.0,2014-08-31,False,35,35,Balanced,Balanced,Normal,Normal,32,35,Short,Mixed,Free Form,Organised,37,43,Normal,Normal,31,57,Little,Normal,35,58,Normal,Normal,Free Form,Organised,61,51,Medium,Medium,63,51,Press,Press,65,56,Normal,Normal,Cover,Cover,83.18,76.4,80.4,79.0,4.111428571428571,1.577142857142857,5.328571428571428,8634.0,10205.0,5.0,0.0,8,FC Barcelona,21518,Spain,2,21
135,23916.0,0.0,1.0,1.0,False,23916.0,21518.0,2014/2015,2.0,2014-08-31,True,35,35,Balanced,Balanced,Normal,Normal,35,32,Mixed,Short,Organised,Free Form,43,37,Normal,Normal,57,31,Normal,Little,58,35,Normal,Normal,Organised,Free Form,51,61,Medium,Medium,51,63,Press,Press,56,65,Normal,Normal,Cover,Cover,76.4,83.18,79.0,80.4,4.111428571428571,5.328571428571428,1.577142857142857,10205.0,8634.0,0.0,5.0,8,Villarreal CF,21518,Spain,2,21
136,24493.0,4.0,2.0,0.0,True,24493.0,21518.0,2015/2016,38.0,2016-05-14,False,36,57,Balanced,Balanced,Normal,Normal,51,59,Mixed,Mixed,Free Form,Organised,36,61,Normal,Normal,49,63,Normal,Normal,56,51,Normal,Normal,Free Form,Organised,61,48,Medium,Medium,65,45,Press,Press,65,62,Normal,Normal,Cover,Cover,86.8,73.7,82.0,77.0,10.25,1.09,23.0,8634.0,7878.0,4.0,0.0,5,FC Barcelona,21518,Spain,7,22
137,24493.0,0.0,2.0,0.0,False,24493.0,21518.0,2015/2016,38.0,2016-05-14,True,57,36,Balanced,Balanced,Normal,Normal,59,51,Mixed,Mixed,Organised,Free Form,61,36,Normal,Normal,63,49,Normal,Normal,51,56,Normal,Normal,Organised,Free Form,48,61,Medium,Medium,45,65,Press,Press,62,65,Normal,Normal,Cover,Cover,73.7,86.8,77.0,82.0,10.25,23.0,1.09,7878.0,8634.0,0.0,4.0,5,Granada CF,21518,Spain,7,22
138,22445.0,2.0,0.0,0.0,False,22445.0,21518.0,2010/2011,24.0,2011-02-19,False,68,54,Fast,Balanced,Little,Little,56,39,Mixed,Mixed,Organised,Free Form,69,67,Risky,Risky,55,60,Normal,Normal,58,67,Normal,Lots,Organised,Free Form,37,68,Medium,High,47,55,Press,Press,54,55,Normal,Normal,Cover,Cover,70.61111111111111,82.9,72.0,68.0,7.888888888888889,16.555555555555557,1.1366666666666667,8581.0,8633.0,2.0,5.0,2,Levante UD,21518,Spain,4,20
139,22445.0,5.0,7.0,0.0,True,22445.0,21518.0,2010/2011,24.0,2011-02-19,True,54,68,Balanced,Fast,Little,Little,39,56,Mixed,Mixed,Free Form,Organised,67,69,Risky,Risky,60,55,Normal,Normal,67,58,Lots,Normal,Free Form,Organised,68,37,High,Medium,55,47,Press,Press,55,54,Normal,Normal,Cover,Cover,82.9,70.61111111111111,68.0,72.0,7.888888888888889,1.1366666666666667,16.555555555555557,8633.0,8581.0,5.0,2.0,2,Real Madrid CF,21518,Spain,4,20
140,24174.0,1.0,1.0,0.0,False,24174.0,21518.0,2014/2015,9.0,2014-10-24,False,57,53,Balanced,Balanced,Normal,Normal,63,62,Mixed,Mixed,Organised,Organised,55,59,Normal,Normal,61,68,Normal,Lots,52,52,Normal,Normal,Organised,Organised,47,42,Medium,Medium,52,52,Press,Press,56,65,Normal,Normal,Cover,Cover,72.6,72.9,72.0,74.0,4.2716666666666665,6.558333333333334,1.4799999999999998,8581.0,9910.0,1.0,2.0,10,Levante UD,21518,Spain,3,30
141,24174.0,2.0,2.0,0.0,True,24174.0,21518.0,2014/2015,9.0,2014-10-24,True,53,57,Balanced,Balanced,Normal,Normal,62,63,Mixed,Mixed,Organised,Organised,59,55,Normal,Normal,68,61,Lots,Normal,52,52,Normal,Normal,Organised,Organised,42,47,Medium,Medium,52,52,Press,Press,65,56,Normal,Normal,Cover,Cover,72.9,72.6,74.0,72.0,4.2716666666666665,1.4799999999999998,6.558333333333334,9910.0,8581.0,2.0,1.0,10,RC Celta de Vigo,21518,Spain,3,30
